Tahun,Bulan,Data Aktual,Data Prediksi
2024,1,49,42.686834647765366
2024,2,40,41.04966410356883
2024,3,34,35.05634662914153
2024,4,36,34.38851847411658
2024,5,47,38.187923085943964
2024,6,52,45.984180392921026
2024,7,49,50.1644936110773
2024,8,47,47.084051415092475
2024,9,44,41.94543002127258
2024,10,56,45.8858359842896
2024,11,54,56.85988024364409
2024,12,37,52.378663627391404
